[
  {
    "name": "pulkit",
    "bloodGroup": "A+",
    "contact": "8696440479",
    "city": "Jaipur",
    "age": "21",
    "latitude": "26.9556924",
    "longitude": "75.6882696"
  },
  {
    "name": "Rushil Rohra",
    "bloodGroup": "O+",
    "contact": "9022744410",
    "city": "Mumbai",
    "age": "18",
    "latitude": "26.9556924",
    "longitude": "75.6882696"
  },
  {
    "name": "Raj ",
    "bloodGroup": "A-",
    "contact": "8696440479",
    "city": "Jaipur",
    "age": "29",
    "latitude": "26.8414919",
    "longitude": "75.5615112"
  },
  {
    "name": "Gonna Goyal",
    "bloodGroup": "A-",
    "contact": "7014213982",
    "city": "Jaipur",
    "age": "52",
    "latitude": "26.9556924",
    "longitude": "75.6882696"
  },
  {
    "name": "Unknown ",
    "bloodGroup": "A+",
    "contact": "8306952541",
    "city": "Jaipur",
    "age": "19",
    "latitude": "26.9556924",
    "longitude": "75.6882696"
  },
  {
    "name": "Mota ",
    "bloodGroup": "A-",
    "contact": "7411223852",
    "city": "Kukas, jaipur ",
    "age": "52",
    "latitude": "26.8417087",
    "longitude": "75.5613933"
  },
  {
    "name": "Radha",
    "bloodGroup": "B+",
    "contact": "7417418521",
    "city": "Jaipur",
    "age": "52",
    "latitude": "26.9124336",
    "longitude": "75.7872709"
  },
  {
    "name": "dfghj",
    "bloodGroup": "A-",
    "contact": "7410369852",
    "city": "Kukas, Jaipur",
    "age": "36",
    "latitude": "26.9556924",
    "longitude": "75.6882696"
  },
  {
    "name": "Aadi",
    "bloodGroup": "A+",
    "contact": "9257980841",
    "city": "Kukas, Jaipur ",
    "age": "18",
    "latitude": "26.9556924",
    "longitude": "75.6882696"
  }
]