[
  {
    "name": "Ayush ",
    "bloodGroup": "A+",
    "contact": "8690371905",
    "hospital": "SMS hospital",
    "latitude": "26.9556924",
    "longitude": "75.6882696"
  },
  {
    "name": "Akhil",
    "bloodGroup": "A+",
    "contact": "7014213982",
    "hospital": "SMS hospital",
    "latitude": "26.9556924",
    "longitude": "75.6882696"
  },
  {
    "name": "dfghjmk,",
    "bloodGroup": "A+",
    "contact": "9257980841",
    "hospital": "SMS hospital",
    "latitude": "26.9556924",
    "longitude": "75.6882696"
  },
  {
    "name": "Akhil",
    "bloodGroup": "A+",
    "contact": "7014213982",
    "hospital": "cp hospital, Gangapur city",
    "latitude": "26.9556924",
    "longitude": "75.6882696"
  },
  {
    "name": "hvcj ",
    "bloodGroup": "B+",
    "contact": "7014213982",
    "hospital": "City Hospital",
    "latitude": "26.9556924",
    "longitude": "75.6882696"
  },
  {
    "name": "hvcj ",
    "bloodGroup": "B+",
    "contact": "7014213982",
    "hospital": "City Hospital",
    "latitude": "26.9556924",
    "longitude": "75.6882696"
  },
  {
    "name": "hvcj ",
    "bloodGroup": "B+",
    "contact": "7014213982",
    "hospital": "City Hospital",
    "latitude": "26.9556924",
    "longitude": "75.6882696"
  }
]